{
  "count": 300,
  "phi_mean": 0.0410715203686951,
  "ed_norm_mean": 0.8060791829486862,
  "rouge1_precision_mean": 0.025990259845741593,
  "rougeL_precision_mean": 0.025990259845741593,
  "first_phi_mean": 0.07104909317415671,
  "first_ed_norm_mean": 0.849886492524189,
  "thresholds_percent": {
    "ED_eq_0": 0.0,
    "ED_le_0_1": 0.0,
    "R1_eq_1": 0.0,
    "R1_ge_0_9": 0.0,
    "RL_eq_1": 0.0,
    "RL_ge_0_9": 0.0,
    "phi_eq_1": 0.0,
    "phi_gt_0_9": 0.0,
    "ASR_phi_gt_0_5": 0.0
  }
}