{
  "count": 300,
  "phi_mean": 0.059966327199557176,
  "ed_norm_mean": 0.7336770961181839,
  "rouge1_precision_mean": 0.23152695153484246,
  "rougeL_precision_mean": 0.18189709597212886,
  "first_phi_mean": 0.07560584424063563,
  "first_ed_norm_mean": 10.42723695783595,
  "thresholds_percent": {
    "ED_eq_0": 0.0,
    "ED_le_0_1": 0.0,
    "R1_eq_1": 0.0,
    "R1_ge_0_9": 0.0,
    "RL_eq_1": 0.0,
    "RL_ge_0_9": 0.0,
    "phi_eq_1": 0.0,
    "phi_gt_0_9": 0.0,
    "ASR_phi_gt_0_5": 0.0
  }
}