{
  "count": 300,
  "phi_mean": 0.05745718935349335,
  "ed_norm_mean": 0.7425914304698485,
  "rouge1_precision_mean": 0.2503499563642601,
  "rougeL_precision_mean": 0.18908371643312155,
  "first_phi_mean": 0.06577271655589963,
  "first_ed_norm_mean": 2.5753832711724525,
  "thresholds_percent": {
    "ED_eq_0": 0.0,
    "ED_le_0_1": 0.0,
    "R1_eq_1": 0.0,
    "R1_ge_0_9": 0.0,
    "RL_eq_1": 0.0,
    "RL_ge_0_9": 0.0,
    "phi_eq_1": 0.0,
    "phi_gt_0_9": 0.0,
    "ASR_phi_gt_0_5": 0.3333333333333333
  }
}