{
  "count": 300,
  "phi_mean": 0.2422034945559272,
  "ed_norm_mean": 0.7490886492143697,
  "rouge1_precision_mean": 0.20367192078456087,
  "rougeL_precision_mean": 0.16011559817672033,
  "first_phi_mean": 0.10983016408740225,
  "first_ed_norm_mean": 13.385864540048356,
  "thresholds_percent": {
    "ED_eq_0": 0.0,
    "ED_le_0_1": 0.0,
    "R1_eq_1": 0.0,
    "R1_ge_0_9": 0.0,
    "RL_eq_1": 0.0,
    "RL_ge_0_9": 0.0,
    "phi_eq_1": 0.0,
    "phi_gt_0_9": 0.0,
    "ASR_phi_gt_0_5": 0.6666666666666666
  }
}